,model
0,GT86
1,Corolla
2,RAV4
3,Yaris
4,Auris
5,Aygo
6,C-HR
7,Prius
8,Avensis
9,Verso
10,Hilux
11,PROACE VERSO
12,Land Cruiser
13,Supra
14,Camry
15,Verso-S
16,IQ
17,Urban Cruiser
18,Octavia
19,Citigo
20,Yeti Outdoor
21,Superb
22,Kodiaq
23,Rapid
24,Karoq
25,Fabia
26,Yeti
27,Scala
28,Roomster
29,Kamiq
30,SLK
31,S Class
32,SL CLASS
33,G Class
34,GLE Class
35,GLA Class
36,A Class
37,B Class
38,GLC Class
39,C Class
40,E Class
41,GL Class
42,CLS Class
43,CLC Class
44,CLA Class
45,V Class
46,M Class
47,CL Class
48,GLS Class
49,GLB Class
50,X-CLASS
51,180
52,CLK
53,R Class
54,230
55,220
56,200
57,Fiesta
58,Focus
59,Puma
60,Kuga
61,EcoSport
62,C-MAX
63,Mondeo
64,Ka+
65,Tourneo Custom
66,S-MAX
67,B-MAX
68,Edge
69,Tourneo Connect
70,Grand C-MAX
71,KA
72,Galaxy
73,Mustang
74,Grand Tourneo Connect
75,Fusion
76,Ranger
77,Streetka
78,Escort
79,Transit Tourneo
80,T-Roc
81,Golf
82,Passat
83,T-Cross
84,Polo
85,Tiguan
86,Sharan
87,Up
88,Scirocco
89,Beetle
90,Caddy Maxi Life
91,Caravelle
92,Touareg
93,Arteon
94,Touran
95,Golf SV
96,Amarok
97,Tiguan Allspace
98,Shuttle
99,Jetta
100,CC
101,California
102,Caddy Life
103,Caddy
104,Caddy Maxi
105,Eos
106,Fox
107,5 Series
108,6 Series
109,1 Series
110,7 Series
111,2 Series
112,4 Series
113,X3
114,3 Series
115,X5
116,X4
117,i3
118,X1
119,M4
120,X2
121,X6
122,8 Series
123,Z4
124,X7
125,M5
126,i8
127,M2
128,M3
129,M6
130,Z3
131,Corsa
132,Astra
133,Viva
134,Mokka
135,Mokka X
136,Crossland X
137,Zafira
138,Meriva
139,Zafira Tourer
140,Adam
141,Grandland X
142,Antara
143,Insignia
144,Ampera
145,GTC
146,Combo Life
147,Vivaro
148,Cascada
149,Kadjar
150,Agila
151,Tigra
152,Vectra
153,I20
154,Tucson
155,I10
156,IX35
157,I30
158,I40
159,Ioniq
160,Kona
161,Veloster
162,I800
163,IX20
164,Santa Fe
165,Accent
166,Terracan
167,Getz
168,Amica
169,A1
170,A6
171,A4
172,A3
173,Q3
174,Q5
175,A5
176,S4
177,Q2
178,A7
179,TT
180,Q7
181,RS6
182,RS3
183,A8
184,Q8
185,RS4
186,RS5
187,R8
188,SQ5
189,S8
190,SQ7
191,S3
192,S5
193,A2
194,RS7
